词,词频
青少年,923
心理健康,917
孩子,493
教育,353
心理,350
问题,224
学生,195
家长,190
学校,180
活动,171
情绪,136
老师,126
社会,126
父母,115
工作,112
发展,107
家庭,103
服务,96
儿童,88
计划,87
影响,84
生活,82
患者,78
视频,71
教师,67
能力,66
项目,61
症状,61
讲座,58
精神,56
专业,55
网络,54
方面,53
同学,52
大学,52
动物,51
中国,50
社区,50
压力,48
全面,48
心理咨询,47
中心,47
体育,47
公益,46
大家,45
世界,45
情况,44
凌云,44
健康成长,43
方法,43
时候,42
方式,41
主题,40
建设,40
小学,40
社交,40
交流,40
身体,39
启动,39
行动,38
中学,38
云龙,38
情感,37
事情,37
时间,36
媒体,36
部门,35
链接,35
时代,34
焦虑症,34
朋友,34
医院,33
阳光,33
医生,32
青春,32
学会,32
产生,32
国家,31
心理学,31
指导,31
辅导,30
群体,30
研究,30
环境,30
风险,29
过度,29
建议,29
课程,29
内容,29
运动,29
共青团,29
法治,29
咨询,28
网页,28
人生,28
力量,28
药物,28
经历,28
过程,27
助力,27
美国,27
校园,27
程度,26
奶牛,26
北京,26
专家,26
培训,26
生命,26
心态,26
成绩,26
报告,25
精神科,25
状态,25
调查,25
管理,25
嘉兴市,25
原因,25
资源,25
考试,25
变化,24
关系,24
感觉,24
黑人,24
价值,24
服务中心,23
事件,23
意识,23
痛苦,23
心灵,22
大学生,22
水平,22
价值观,22
女孩,22
精神分裂症,22
手机,21
模式,21
机构,21
数据,21
障碍,21
卫生,21
健康状况,21
躯体,21
阶段,20
时期,20
机制,20
读书,20
宝藏,20
信息,19
全国,19
街道,19
体系,19
技术,19
身心,19
微笑,19
直播,18
实验,18
社工,18
平台,18
体验,18
系统,18
学院,18
杰克,17
辣条,17
内心,17
案例,17
专项,17
安全,17
反应,17
综合,17
疾病,17
幼儿园,17
技巧,17
儿子,17
分析,16
精神障碍,16
重点,16
科普,16
理论,16
协同,16
习惯,16
融合,16
矫正,16
责任,16
失控,16
科学,15
合作,15
心理素质,15
形式,15
医疗,15
毒害,15
教室,15
氛围,15
单位,15
意义,15
思维,15
团队,14
关心,14
仪式,14
志愿者,14
个人,14
空心,14
危机,14
精神病,14
记者,14
基础,14
课堂,14
调整,14
大讲堂,14
无法,14
天府,14
有关,14
学业,13
疫情,13
来源,13
人格,13
重要性,13
现实,13
慈善,13
营造,13
因素,13
兴趣,13
育人,13
注意力,13
集团,13
基金会,13
文明,13
调节,13
暴力,13
新区,13
妈妈,13
游戏,13
患上,13
质量,13
程先生,13
发作,13
全市,12
中考,12
柳州市,12
心情,12
团体,12
基层,12
政府,12
危害,12
方案,12
男孩,12
目标,12
动力,12
标准,12
vc,12
病情,12
精力,12
妇女,12
小程,12
国民,11
基本,11
定期,11
人们,11
现场,11
双相,11
食品,11
大量,11
教育部,11
学科,11
门诊,11
人群,11
博士,11
评估,11
恐惧,11
检察院,11
医教,11
权益,11
检查,11
效果,11
广西,11
心之春,11
流动,11
数字,11
中科院,10
调研,10
作者,10
进校园,10
政策,10
犯罪,10
重度,10
空间,10
营养,10
协作,10
现象,10
态度,10
文化,10
功能,10
工作人员,10
亲子,10
人生观,10
地方,10
理念,10
昆明,10
地包,10
白人,10
困难,10
女儿,10
服务平台,9
热情,9
高质量,9
关键,9
班级,9
极端,9
代表,9
难题,9
爱心,9
新闻,9
邪教,9
比例,9
农村,9
原生,9
网瘾,9
师生,9
背景,9
印发,9
层面,9
办公室,9
情绪低落,9
小朋友,9
联系,9
饮食,9
科技,9
关工委,9
检察,9
心理学家,9
东西,9
全区,9
经验,9
精神疾病,9
粉丝,9
明白,9
牙齿,9
机会,9
挑战,9
资金,9
信念,9
班主任,9
金凤区,9
整治,9
精神病人,9
金凤,9
通报,9
东川,9
移情,9
送养人,8
论坛,8
时刻,8
社会性,8
生动,8
北京市,8
医学,8
关怀,8
团市委,8
面向,8
人民,8
年轻人,8
服务体系,8
领导,8
教育局,8
嘉兴,8
心理品质,8
部分,8
城市,8
副校长,8
上海,8
类药物,8
实验学校,8
职责,8
实际,8
评价,8
公安,8
应急,8
育儿,8
高级中学,8
济南,8
勇气,8
智慧,8
人员,8
个体,8
江西,8
教授,8
陪伴,8
四川,8
HEFANG,8
性格,8
改革,8
师资,8
记忆力,8
回家,8
思想,8
优点,8
成年人,8
结果,8
肇事,8
肇祸,8
银川,8
筛查,8
用户,8
动员,8
投稿,8
故事,8
数学,8
央视网,7
新冠,7
现状,7
角度,7
全民,7
共识,7
原则,7
辖区,7
志愿,7
技能,7
海南,7
观点,7
经济,7
凯文,7
小时,7
梦想,7
种子,7
宣传,7
祖国,7
成人,7
利用,7
本质,7
人文,7
职业,7
素养,7
中学生,7
加工,7
立德,7
充分发挥,7
德育,7
趋势,7
行动计划,7
教学,7
核心,7
规律,7
效率,7
乡村,7
基地,7
毕业,7
动态,7
沙龙,7
任务,7
尝试,7
驿站,7
团辅,7
保护法,7
长大,7
细节,7
优势,7
家人,7
挫折,7
神经性,7
体重,7
约束,7
全体,7
房间,7
典型,7
小事,7
ETF,7
年龄,7
竞争,7
五华区,7
父亲,7
学霸,7
病人,7
个案,6
改革开放,6
普及,6
人际,6
设置,6
康复,6
区级,6
治疗师,6
学子,6
专题讲座,6
龙城,6
紫荆,6
培育,6
管教,6
成员,6
文章,6
途径,6
有所,6
观念,6
中华,6
医师,6
距离,6
副作用,6
垃圾,6
伤心,6
负责人,6
根本任务,6
援助,6
合力,6
成果,6
小学生,6
差距,6
条件,6
规划,6
会议,6
海宁市,6
珠儿,6
音乐,6
南京,6
清华,6
全部,6
保驾护航,6
温馨,6
日报,6
热线,6
专场,6
上海市,6
特点,6
专题,6
措施,6
团委,6
女生,6
人民检察院,6
广东,6
高中生,6
负面,6
试点,6
海淀区,6
眼镜,6
我会,6
区别,6
畸形,6
死亡率,6
头晕,6
少女,6
女性,6
身材,6
缺点,6
美国黑人,6
历史,6
语言,6
怀柔,6
家校,6
能量,6
管控,6
导师,6
表哥,6
普通,6
抗抑郁,6
食欲,6
大亚湾,6
北京警方,6
伤人案,6
电影,6
策划,6
冲动,6
正常人,6
中加,6
温江,6
圆心,6
工资,6
性行为,6
抗焦虑,6
丹麦,6
大儒,5
座谈,5
校长,5
图片,5
教委,5
个性,5
监护人,5
规范,5
卫健委,5
协会,5
海南省,5
儿童心理,5
青语,5
顺利开展,5
专业化,5
锦江区,5
品牌,5
遗传,5
专门,5
榜样,5
工作室,5
县委,5
流传,5
物理,5
国际,5
内耗,5
微信,5
杂志,5
饮料,5
客户端,5
协商,5
路径,5
格局,5
医校,5
常识,5
北京师范大学,5
全员,5
华商网,5
成就,5
特征,5
嘉善县,5
平湖市,5
桐乡市,5
女士,5
江苏,5
山东,5
积极行动,5
传统,5
品质,5
意志,5
专职,5
精彩,5
运用,5
自卑,5
大脑,5
屏幕,5
形象,5
花蕾,5
女童,5
建立健全,5
公众,5
五华,5
服用,5
独立思考,5
活力,5
惩戒,5
信心,5
服务台,5
待遇,5
行业,5
小孩子,5
高血压,5
种族主义,5
医疗保健,5
错误,5
头脑,5
体会,5
生气,5
理想,5
英语,5
头痛,5
心智,5
运转,5
柳州,5
电话,5
宁夏,5
部署,5
特色,5
宣传教育,5
攻坚,5
学习成绩,5
院校,5
青岛,5
沭阳县,5
产业链,5
传播,5
BAFTA,5
温暖,5
办法,5
原本,5
配捐,5
消失,5
爸爸,5
东莞,5
